diffrence,color,mask,illumination,threshold,min_error
3884_000_df.jpg,3884_000_cl.jpg,3884_000_pr.jpg,1713549,49,0
3884_001_df.jpg,3884_001_cl.jpg,3884_001_pr.jpg,1615695,53,0
3884_002_df.jpg,3884_002_cl.jpg,3884_002_pr.jpg,1582052,52,0
3884_003_df.jpg,3884_003_cl.jpg,3884_003_pr.jpg,2054789,41,0
3884_004_df.jpg,3884_004_cl.jpg,3884_004_pr.jpg,2061112,78,0
3884_005_df.jpg,3884_005_cl.jpg,3884_005_pr.jpg,1811722,136,0
3884_006_df.jpg,3884_006_cl.jpg,3884_006_pr.jpg,1686688,125,0
3884_007_df.jpg,3884_007_cl.jpg,3884_007_pr.jpg,1406077,113,0
3884_008_df.jpg,3884_008_cl.jpg,3884_008_pr.jpg,1663623,111,0
3884_009_df.jpg,3884_009_cl.jpg,3884_009_pr.jpg,1866935,76,0
3884_010_df.jpg,3884_010_cl.jpg,3884_010_pr.jpg,1603423,53,0
3884_011_df.jpg,3884_011_cl.jpg,3884_011_pr.jpg,1600829,66,0
3884_012_df.jpg,3884_012_cl.jpg,3884_012_pr.jpg,1895024,98,0
3884_013_df.jpg,3884_013_cl.jpg,3884_013_pr.jpg,2229891,92,0
3884_014_df.jpg,3884_014_cl.jpg,3884_014_pr.jpg,1808709,25,0
3884_015_df.jpg,3884_015_cl.jpg,3884_015_pr.jpg,1795528,39,0
3884_016_df.jpg,3884_016_cl.jpg,3884_016_pr.jpg,1679799,57,0
3884_017_df.jpg,3884_017_cl.jpg,3884_017_pr.jpg,1700739,78,0
3884_018_df.jpg,3884_018_cl.jpg,3884_018_pr.jpg,2338745,55,0
3884_019_df.jpg,3884_019_cl.jpg,3884_019_pr.jpg,2353616,78,0
3884_020_df.jpg,3884_020_cl.jpg,3884_020_pr.jpg,2400599,88,0
3884_021_df.jpg,3884_021_cl.jpg,3884_021_pr.jpg,2395473,106,0
3884_022_df.jpg,3884_022_cl.jpg,3884_022_pr.jpg,2182717,105,0
3884_023_df.jpg,3884_023_cl.jpg,3884_023_pr.jpg,2242306,75,0
3884_024_df.jpg,3884_024_cl.jpg,3884_024_pr.jpg,2282614,89,0
3884_025_df.jpg,3884_025_cl.jpg,3884_025_pr.jpg,2138761,120,0
3884_026_df.jpg,3884_026_cl.jpg,3884_026_pr.jpg,2270662,101,0
3884_027_df.jpg,3884_027_cl.jpg,3884_027_pr.jpg,2333704,82,68994
3884_028_df.jpg,3884_028_cl.jpg,3884_028_pr.jpg,2186599,65,226311
3884_029_df.jpg,3884_029_cl.jpg,3884_029_pr.jpg,2103618,71,408273
3884_030_df.jpg,3884_030_cl.jpg,3884_030_pr.jpg,2199199,57,283815
3884_031_df.jpg,3884_031_cl.jpg,3884_031_pr.jpg,2173697,62,224910
3884_032_df.jpg,3884_032_cl.jpg,3884_032_pr.jpg,2277968,52,201576
3884_033_df.jpg,3884_033_cl.jpg,3884_033_pr.jpg,2319108,62,253197
3884_034_df.jpg,3884_034_cl.jpg,3884_034_pr.jpg,2286118,86,156714
3884_035_df.jpg,3884_035_cl.jpg,3884_035_pr.jpg,2290473,91,131550
3884_036_df.jpg,3884_036_cl.jpg,3884_036_pr.jpg,2211513,54,670119
3884_037_df.jpg,3884_037_cl.jpg,3884_037_pr.jpg,2257924,64,1329243
3884_038_df.jpg,3884_038_cl.jpg,3884_038_pr.jpg,2393178,65,1139457
3884_039_df.jpg,3884_039_cl.jpg,3884_039_pr.jpg,2190626,74,1079313
3884_040_df.jpg,3884_040_cl.jpg,3884_040_pr.jpg,2027126,37,1923018
3884_041_df.jpg,3884_041_cl.jpg,3884_041_pr.jpg,2059784,41,1356675
3884_042_df.jpg,3884_042_cl.jpg,3884_042_pr.jpg,2015597,71,1546896
3884_043_df.jpg,3884_043_cl.jpg,3884_043_pr.jpg,2024874,61,1270944
3884_044_df.jpg,3884_044_cl.jpg,3884_044_pr.jpg,2103802,74,787206
3884_045_df.jpg,3884_045_cl.jpg,3884_045_pr.jpg,2094756,61,726465
3884_046_df.jpg,3884_046_cl.jpg,3884_046_pr.jpg,2019032,49,1059921
3884_047_df.jpg,3884_047_cl.jpg,3884_047_pr.jpg,1924893,41,1318707
3884_048_df.jpg,3884_048_cl.jpg,3884_048_pr.jpg,1889180,36,1783128
3884_049_df.jpg,3884_049_cl.jpg,3884_049_pr.jpg,1826972,40,1789563
3884_050_df.jpg,3884_050_cl.jpg,3884_050_pr.jpg,1826582,65,1691415
3884_051_df.jpg,3884_051_cl.jpg,3884_051_pr.jpg,1856902,59,1276986
3884_052_df.jpg,3884_052_cl.jpg,3884_052_pr.jpg,1814963,52,1594293
3884_053_df.jpg,3884_053_cl.jpg,3884_053_pr.jpg,1924432,35,668412
3884_054_df.jpg,3884_054_cl.jpg,3884_054_pr.jpg,1983579,66,0
3884_055_df.jpg,3884_055_cl.jpg,3884_055_pr.jpg,1836854,137,0
3884_056_df.jpg,3884_056_cl.jpg,3884_056_pr.jpg,1616438,153,0
3884_057_df.jpg,3884_057_cl.jpg,3884_057_pr.jpg,1760328,130,0
3884_058_df.jpg,3884_058_cl.jpg,3884_058_pr.jpg,1783498,132,0
3884_059_df.jpg,3884_059_cl.jpg,3884_059_pr.jpg,1706690,80,0
3884_060_df.jpg,3884_060_cl.jpg,3884_060_pr.jpg,1386681,80,0
3884_061_df.jpg,3884_061_cl.jpg,3884_061_pr.jpg,1699122,118,0
3884_062_df.jpg,3884_062_cl.jpg,3884_062_pr.jpg,1661559,98,0
3884_063_df.jpg,3884_063_cl.jpg,3884_063_pr.jpg,1659049,91,0
3884_064_df.jpg,3884_064_cl.jpg,3884_064_pr.jpg,1717272,84,0
3884_065_df.jpg,3884_065_cl.jpg,3884_065_pr.jpg,1611789,98,0
3884_066_df.jpg,3884_066_cl.jpg,3884_066_pr.jpg,1747985,123,0
3884_067_df.jpg,3884_067_cl.jpg,3884_067_pr.jpg,1769649,73,0
3884_068_df.jpg,3884_068_cl.jpg,3884_068_pr.jpg,1858961,87,0
3884_069_df.jpg,3884_069_cl.jpg,3884_069_pr.jpg,1760449,107,0
3884_070_df.jpg,3884_070_cl.jpg,3884_070_pr.jpg,1851981,72,0
3884_071_df.jpg,3884_071_cl.jpg,3884_071_pr.jpg,2091724,47,0
3907_000_df.jpg,3907_000_cl.jpg,3907_000_pr.jpg,2455246,16,0
3907_001_df.jpg,3907_001_cl.jpg,3907_001_pr.jpg,2415774,27,0
3907_002_df.jpg,3907_002_cl.jpg,3907_002_pr.jpg,2321531,54,0
3907_003_df.jpg,3907_003_cl.jpg,3907_003_pr.jpg,2262883,32,0
3907_004_df.jpg,3907_004_cl.jpg,3907_004_pr.jpg,2044968,58,0
3907_005_df.jpg,3907_005_cl.jpg,3907_005_pr.jpg,2104582,68,0
3907_006_df.jpg,3907_006_cl.jpg,3907_006_pr.jpg,2103845,44,0
3907_007_df.jpg,3907_007_cl.jpg,3907_007_pr.jpg,2167235,90,0
3907_008_df.jpg,3907_008_cl.jpg,3907_008_pr.jpg,2197948,57,0
3907_009_df.jpg,3907_009_cl.jpg,3907_009_pr.jpg,2154645,60,0
3907_010_df.jpg,3907_010_cl.jpg,3907_010_pr.jpg,2089250,60,0
3907_011_df.jpg,3907_011_cl.jpg,3907_011_pr.jpg,2067725,40,0
3907_012_df.jpg,3907_012_cl.jpg,3907_012_pr.jpg,2027210,52,0
3907_013_df.jpg,3907_013_cl.jpg,3907_013_pr.jpg,2235108,39,0
3907_014_df.jpg,3907_014_cl.jpg,3907_014_pr.jpg,2192118,43,0
3907_015_df.jpg,3907_015_cl.jpg,3907_015_pr.jpg,2299369,57,0
3907_016_df.jpg,3907_016_cl.jpg,3907_016_pr.jpg,2385581,81,0
3907_017_df.jpg,3907_017_cl.jpg,3907_017_pr.jpg,2535116,130,0
3907_018_df.jpg,3907_018_cl.jpg,3907_018_pr.jpg,2480826,96,0
3907_019_df.jpg,3907_019_cl.jpg,3907_019_pr.jpg,2280871,109,0
3907_020_df.jpg,3907_020_cl.jpg,3907_020_pr.jpg,2093128,133,0
3907_021_df.jpg,3907_021_cl.jpg,3907_021_pr.jpg,2192139,98,132978
3907_022_df.jpg,3907_022_cl.jpg,3907_022_pr.jpg,2267435,72,293031
3907_023_df.jpg,3907_023_cl.jpg,3907_023_pr.jpg,2324186,106,468927
3907_024_df.jpg,3907_024_cl.jpg,3907_024_pr.jpg,2313216,91,608832
3907_025_df.jpg,3907_025_cl.jpg,3907_025_pr.jpg,2374694,110,351438
3907_026_df.jpg,3907_026_cl.jpg,3907_026_pr.jpg,2202029,110,732537
3907_027_df.jpg,3907_027_cl.jpg,3907_027_pr.jpg,2136138,80,278391
3907_028_df.jpg,3907_028_cl.jpg,3907_028_pr.jpg,1987865,87,1771740
3907_029_df.jpg,3907_029_cl.jpg,3907_029_pr.jpg,2014929,75,380925
3907_030_df.jpg,3907_030_cl.jpg,3907_030_pr.jpg,2084215,60,702243
3907_031_df.jpg,3907_031_cl.jpg,3907_031_pr.jpg,2245342,49,1406820
3907_032_df.jpg,3907_032_cl.jpg,3907_032_pr.jpg,2049631,83,338586
3907_033_df.jpg,3907_033_cl.jpg,3907_033_pr.jpg,2357802,35,2058750
3907_034_df.jpg,3907_034_cl.jpg,3907_034_pr.jpg,2381194,47,1669581
3907_035_df.jpg,3907_035_cl.jpg,3907_035_pr.jpg,2149226,47,2300412
3907_036_df.jpg,3907_036_cl.jpg,3907_036_pr.jpg,1964447,26,2355744
3907_037_df.jpg,3907_037_cl.jpg,3907_037_pr.jpg,1956957,50,1726413
3907_038_df.jpg,3907_038_cl.jpg,3907_038_pr.jpg,2081213,39,1563954
3907_039_df.jpg,3907_039_cl.jpg,3907_039_pr.jpg,2151248,8,1143876
3907_040_df.jpg,3907_040_cl.jpg,3907_040_pr.jpg,2164064,26,895416
3907_041_df.jpg,3907_041_cl.jpg,3907_041_pr.jpg,2240853,16,1470762
3907_042_df.jpg,3907_042_cl.jpg,3907_042_pr.jpg,2176408,52,2446278
3907_043_df.jpg,3907_043_cl.jpg,3907_043_pr.jpg,1957815,72,2890674
3907_044_df.jpg,3907_044_cl.jpg,3907_044_pr.jpg,1864017,97,2319285
3907_045_df.jpg,3907_045_cl.jpg,3907_045_pr.jpg,1816472,73,1899768
3907_046_df.jpg,3907_046_cl.jpg,3907_046_pr.jpg,1886249,68,2154843
3907_047_df.jpg,3907_047_cl.jpg,3907_047_pr.jpg,1918604,67,1471374
3907_048_df.jpg,3907_048_cl.jpg,3907_048_pr.jpg,1899197,5,0
3907_049_df.jpg,3907_049_cl.jpg,3907_049_pr.jpg,1975825,70,708534
3907_050_df.jpg,3907_050_cl.jpg,3907_050_pr.jpg,1642139,78,905976
3907_051_df.jpg,3907_051_cl.jpg,3907_051_pr.jpg,1556128,102,827745
3907_052_df.jpg,3907_052_cl.jpg,3907_052_pr.jpg,1506194,149,888834
3907_053_df.jpg,3907_053_cl.jpg,3907_053_pr.jpg,1534861,96,309882
3907_054_df.jpg,3907_054_cl.jpg,3907_054_pr.jpg,1429635,118,0
3907_055_df.jpg,3907_055_cl.jpg,3907_055_pr.jpg,1389292,99,202302
3907_056_df.jpg,3907_056_cl.jpg,3907_056_pr.jpg,1489074,175,556434
3907_057_df.jpg,3907_057_cl.jpg,3907_057_pr.jpg,1443177,150,273459
3907_058_df.jpg,3907_058_cl.jpg,3907_058_pr.jpg,1446210,140,0
3907_059_df.jpg,3907_059_cl.jpg,3907_059_pr.jpg,1394364,148,0
3907_060_df.jpg,3907_060_cl.jpg,3907_060_pr.jpg,1534266,117,0
3907_061_df.jpg,3907_061_cl.jpg,3907_061_pr.jpg,1566569,107,0
3907_062_df.jpg,3907_062_cl.jpg,3907_062_pr.jpg,1626471,86,0
3907_063_df.jpg,3907_063_cl.jpg,3907_063_pr.jpg,2140917,52,0
3949_000_df.jpg,3949_000_cl.jpg,3949_000_pr.jpg,2428982,32,0
3949_001_df.jpg,3949_001_cl.jpg,3949_001_pr.jpg,2535376,38,0
3949_002_df.jpg,3949_002_cl.jpg,3949_002_pr.jpg,2435692,39,0
3949_003_df.jpg,3949_003_cl.jpg,3949_003_pr.jpg,2241763,62,0
3949_004_df.jpg,3949_004_cl.jpg,3949_004_pr.jpg,2096804,58,0
3949_005_df.jpg,3949_005_cl.jpg,3949_005_pr.jpg,2146912,106,0
3949_006_df.jpg,3949_006_cl.jpg,3949_006_pr.jpg,2195826,116,0
3949_007_df.jpg,3949_007_cl.jpg,3949_007_pr.jpg,2274572,130,0
3949_008_df.jpg,3949_008_cl.jpg,3949_008_pr.jpg,2324322,122,0
3949_009_df.jpg,3949_009_cl.jpg,3949_009_pr.jpg,2257686,143,0
3949_010_df.jpg,3949_010_cl.jpg,3949_010_pr.jpg,2185130,145,0
3949_011_df.jpg,3949_011_cl.jpg,3949_011_pr.jpg,2093583,127,0
3949_012_df.jpg,3949_012_cl.jpg,3949_012_pr.jpg,2087530,130,0
3949_013_df.jpg,3949_013_cl.jpg,3949_013_pr.jpg,2127939,125,0
3949_014_df.jpg,3949_014_cl.jpg,3949_014_pr.jpg,2202619,131,0
3949_015_df.jpg,3949_015_cl.jpg,3949_015_pr.jpg,2322699,139,0
3949_016_df.jpg,3949_016_cl.jpg,3949_016_pr.jpg,2374771,110,0
3949_017_df.jpg,3949_017_cl.jpg,3949_017_pr.jpg,2128011,109,0
3949_018_df.jpg,3949_018_cl.jpg,3949_018_pr.jpg,2494404,144,0
3949_019_df.jpg,3949_019_cl.jpg,3949_019_pr.jpg,2521272,119,0
3949_020_df.jpg,3949_020_cl.jpg,3949_020_pr.jpg,2198101,109,0
3949_021_df.jpg,3949_021_cl.jpg,3949_021_pr.jpg,2103560,141,0
3949_022_df.jpg,3949_022_cl.jpg,3949_022_pr.jpg,2188188,106,122976
3949_023_df.jpg,3949_023_cl.jpg,3949_023_pr.jpg,2298702,117,343083
3949_024_df.jpg,3949_024_cl.jpg,3949_024_pr.jpg,2333500,106,307356
3949_025_df.jpg,3949_025_cl.jpg,3949_025_pr.jpg,2225609,132,501162
3949_026_df.jpg,3949_026_cl.jpg,3949_026_pr.jpg,2429090,105,644961
3949_027_df.jpg,3949_027_cl.jpg,3949_027_pr.jpg,2178307,68,459447
3949_028_df.jpg,3949_028_cl.jpg,3949_028_pr.jpg,2147982,61,357744
3949_029_df.jpg,3949_029_cl.jpg,3949_029_pr.jpg,2044520,69,786018
3949_030_df.jpg,3949_030_cl.jpg,3949_030_pr.jpg,2037557,87,621903
3949_031_df.jpg,3949_031_cl.jpg,3949_031_pr.jpg,2135356,83,695898
3949_032_df.jpg,3949_032_cl.jpg,3949_032_pr.jpg,2198608,97,387645
3949_033_df.jpg,3949_033_cl.jpg,3949_033_pr.jpg,2164648,118,0
3949_034_df.jpg,3949_034_cl.jpg,3949_034_pr.jpg,1934039,7,0
3949_035_df.jpg,3949_035_cl.jpg,3949_035_pr.jpg,2196110,117,892134
3949_036_df.jpg,3949_036_cl.jpg,3949_036_pr.jpg,2299441,61,1758474
3949_037_df.jpg,3949_037_cl.jpg,3949_037_pr.jpg,1998318,64,1895178
3949_038_df.jpg,3949_038_cl.jpg,3949_038_pr.jpg,2012933,84,1999065
3949_039_df.jpg,3949_039_cl.jpg,3949_039_pr.jpg,2164182,59,1958433
3949_040_df.jpg,3949_040_cl.jpg,3949_040_pr.jpg,2203793,74,1752393
3949_041_df.jpg,3949_041_cl.jpg,3949_041_pr.jpg,2182091,79,2128629
3949_042_df.jpg,3949_042_cl.jpg,3949_042_pr.jpg,2137541,45,1883853
3949_043_df.jpg,3949_043_cl.jpg,3949_043_pr.jpg,2137187,60,1844991
3949_044_df.jpg,3949_044_cl.jpg,3949_044_pr.jpg,1922947,60,2168916
3949_045_df.jpg,3949_045_cl.jpg,3949_045_pr.jpg,1872315,45,2106567
3949_046_df.jpg,3949_046_cl.jpg,3949_046_pr.jpg,1789567,79,2139822
3949_047_df.jpg,3949_047_cl.jpg,3949_047_pr.jpg,1746874,51,1874829
3949_048_df.jpg,3949_048_cl.jpg,3949_048_pr.jpg,1783161,68,1468566
3949_049_df.jpg,3949_049_cl.jpg,3949_049_pr.jpg,2077177,81,360990
3949_050_df.jpg,3949_050_cl.jpg,3949_050_pr.jpg,2074021,15,0
3951_000_df.jpg,3951_000_cl.jpg,3951_000_pr.jpg,2509953,9,0
3951_001_df.jpg,3951_001_cl.jpg,3951_001_pr.jpg,2462330,54,0
3951_002_df.jpg,3951_002_cl.jpg,3951_002_pr.jpg,2364759,54,0
3951_003_df.jpg,3951_003_cl.jpg,3951_003_pr.jpg,2312331,112,0
3951_004_df.jpg,3951_004_cl.jpg,3951_004_pr.jpg,2073061,23,0
3951_005_df.jpg,3951_005_cl.jpg,3951_005_pr.jpg,2124546,25,0
3951_006_df.jpg,3951_006_cl.jpg,3951_006_pr.jpg,2163759,35,0
3951_007_df.jpg,3951_007_cl.jpg,3951_007_pr.jpg,2233114,20,0
3951_008_df.jpg,3951_008_cl.jpg,3951_008_pr.jpg,2240450,16,0
3951_009_df.jpg,3951_009_cl.jpg,3951_009_pr.jpg,2181124,59,0
3951_010_df.jpg,3951_010_cl.jpg,3951_010_pr.jpg,2107326,66,0
3951_011_df.jpg,3951_011_cl.jpg,3951_011_pr.jpg,2035875,63,0
3951_012_df.jpg,3951_012_cl.jpg,3951_012_pr.jpg,2138101,105,0
3951_013_df.jpg,3951_013_cl.jpg,3951_013_pr.jpg,2157263,105,0
3951_014_df.jpg,3951_014_cl.jpg,3951_014_pr.jpg,2214108,74,0
3951_015_df.jpg,3951_015_cl.jpg,3951_015_pr.jpg,2311155,85,0
3951_016_df.jpg,3951_016_cl.jpg,3951_016_pr.jpg,2310878,93,0
3951_017_df.jpg,3951_017_cl.jpg,3951_017_pr.jpg,2466411,144,0
3951_018_df.jpg,3951_018_cl.jpg,3951_018_pr.jpg,2339759,80,0
3951_019_df.jpg,3951_019_cl.jpg,3951_019_pr.jpg,2287813,175,0
3951_020_df.jpg,3951_020_cl.jpg,3951_020_pr.jpg,2136733,128,0
3951_021_df.jpg,3951_021_cl.jpg,3951_021_pr.jpg,2186663,101,0
3951_022_df.jpg,3951_022_cl.jpg,3951_022_pr.jpg,2268755,98,0
3951_023_df.jpg,3951_023_cl.jpg,3951_023_pr.jpg,2234088,145,0
3951_024_df.jpg,3951_024_cl.jpg,3951_024_pr.jpg,2277692,150,0
3951_025_df.jpg,3951_025_cl.jpg,3951_025_pr.jpg,2419865,88,0
3951_026_df.jpg,3951_026_cl.jpg,3951_026_pr.jpg,2290699,111,0
3951_027_df.jpg,3951_027_cl.jpg,3951_027_pr.jpg,2190413,102,51309
3951_028_df.jpg,3951_028_cl.jpg,3951_028_pr.jpg,2182288,107,126297
3951_029_df.jpg,3951_029_cl.jpg,3951_029_pr.jpg,2142426,143,97962
3951_030_df.jpg,3951_030_cl.jpg,3951_030_pr.jpg,2296372,109,166992
3951_031_df.jpg,3951_031_cl.jpg,3951_031_pr.jpg,2327888,100,180189
3951_032_df.jpg,3951_032_cl.jpg,3951_032_pr.jpg,1997153,89,0
3951_033_df.jpg,3951_033_cl.jpg,3951_033_pr.jpg,2408547,151,471096
3951_034_df.jpg,3951_034_cl.jpg,3951_034_pr.jpg,2209121,72,717198
3951_035_df.jpg,3951_035_cl.jpg,3951_035_pr.jpg,2061242,80,1546530
3951_036_df.jpg,3951_036_cl.jpg,3951_036_pr.jpg,2154229,77,1495974
3951_037_df.jpg,3951_037_cl.jpg,3951_037_pr.jpg,2246646,51,1138512
3951_038_df.jpg,3951_038_cl.jpg,3951_038_pr.jpg,2352165,67,1441176
3951_039_df.jpg,3951_039_cl.jpg,3951_039_pr.jpg,2373058,66,1505346
3951_040_df.jpg,3951_040_cl.jpg,3951_040_pr.jpg,2332314,58,1708107
3951_041_df.jpg,3951_041_cl.jpg,3951_041_pr.jpg,2330441,67,1467834
3951_042_df.jpg,3951_042_cl.jpg,3951_042_pr.jpg,2241508,89,1385616
3951_043_df.jpg,3951_043_cl.jpg,3951_043_pr.jpg,2128664,63,2022153
3951_044_df.jpg,3951_044_cl.jpg,3951_044_pr.jpg,2045571,71,1980819
3951_045_df.jpg,3951_045_cl.jpg,3951_045_pr.jpg,2094537,75,1275318
3951_046_df.jpg,3951_046_cl.jpg,3951_046_pr.jpg,2093400,83,1228743
3951_047_df.jpg,3951_047_cl.jpg,3951_047_pr.jpg,2153205,135,401181
3951_048_df.jpg,3951_048_cl.jpg,3951_048_pr.jpg,1908972,130,0
3951_049_df.jpg,3951_049_cl.jpg,3951_049_pr.jpg,2004816,115,203820
3951_050_df.jpg,3951_050_cl.jpg,3951_050_pr.jpg,1630497,145,206922
3951_051_df.jpg,3951_051_cl.jpg,3951_051_pr.jpg,1607901,133,213834
3951_052_df.jpg,3951_052_cl.jpg,3951_052_pr.jpg,1655675,108,167490
3951_053_df.jpg,3951_053_cl.jpg,3951_053_pr.jpg,1653039,142,6228
3951_054_df.jpg,3951_054_cl.jpg,3951_054_pr.jpg,1543452,111,0
3951_055_df.jpg,3951_055_cl.jpg,3951_055_pr.jpg,1477152,118,0
3951_056_df.jpg,3951_056_cl.jpg,3951_056_pr.jpg,1484175,131,0
3951_057_df.jpg,3951_057_cl.jpg,3951_057_pr.jpg,1491909,141,0
3951_058_df.jpg,3951_058_cl.jpg,3951_058_pr.jpg,1508708,156,0
3951_059_df.jpg,3951_059_cl.jpg,3951_059_pr.jpg,1461548,135,0
3951_060_df.jpg,3951_060_cl.jpg,3951_060_pr.jpg,1433526,126,0
3951_061_df.jpg,3951_061_cl.jpg,3951_061_pr.jpg,1382990,135,0
3951_062_df.jpg,3951_062_cl.jpg,3951_062_pr.jpg,1707114,97,0
3951_063_df.jpg,3951_063_cl.jpg,3951_063_pr.jpg,2152723,12,0
3957_000_df.jpg,3957_000_cl.jpg,3957_000_pr.jpg,2538215,40,0
3957_001_df.jpg,3957_001_cl.jpg,3957_001_pr.jpg,2501945,52,0
3957_002_df.jpg,3957_002_cl.jpg,3957_002_pr.jpg,2295177,57,0
3957_003_df.jpg,3957_003_cl.jpg,3957_003_pr.jpg,2101603,22,0
3957_004_df.jpg,3957_004_cl.jpg,3957_004_pr.jpg,2092001,43,0
3957_005_df.jpg,3957_005_cl.jpg,3957_005_pr.jpg,2229087,65,0
3957_006_df.jpg,3957_006_cl.jpg,3957_006_pr.jpg,2188351,66,0
3957_007_df.jpg,3957_007_cl.jpg,3957_007_pr.jpg,2218973,83,0
3957_008_df.jpg,3957_008_cl.jpg,3957_008_pr.jpg,2330097,83,0
3957_009_df.jpg,3957_009_cl.jpg,3957_009_pr.jpg,2222075,91,0
3957_010_df.jpg,3957_010_cl.jpg,3957_010_pr.jpg,2136878,70,0
3957_011_df.jpg,3957_011_cl.jpg,3957_011_pr.jpg,2163551,98,0
3957_012_df.jpg,3957_012_cl.jpg,3957_012_pr.jpg,2055612,82,0
3957_013_df.jpg,3957_013_cl.jpg,3957_013_pr.jpg,2244798,96,0
3957_014_df.jpg,3957_014_cl.jpg,3957_014_pr.jpg,2485288,54,0
3957_015_df.jpg,3957_015_cl.jpg,3957_015_pr.jpg,2527314,72,0
3957_016_df.jpg,3957_016_cl.jpg,3957_016_pr.jpg,2293141,67,0
3957_017_df.jpg,3957_017_cl.jpg,3957_017_pr.jpg,2183524,98,0
3957_018_df.jpg,3957_018_cl.jpg,3957_018_pr.jpg,2115751,55,0
3957_019_df.jpg,3957_019_cl.jpg,3957_019_pr.jpg,2338998,103,0
3957_020_df.jpg,3957_020_cl.jpg,3957_020_pr.jpg,2428044,127,0
3957_021_df.jpg,3957_021_cl.jpg,3957_021_pr.jpg,2480356,106,0
3957_022_df.jpg,3957_022_cl.jpg,3957_022_pr.jpg,2481429,83,0
3957_023_df.jpg,3957_023_cl.jpg,3957_023_pr.jpg,2419612,90,24588
3957_024_df.jpg,3957_024_cl.jpg,3957_024_pr.jpg,2257939,76,225192
3957_025_df.jpg,3957_025_cl.jpg,3957_025_pr.jpg,2109192,98,470292
3957_026_df.jpg,3957_026_cl.jpg,3957_026_pr.jpg,2135301,66,337887
3957_027_df.jpg,3957_027_cl.jpg,3957_027_pr.jpg,2242029,86,481656
3957_028_df.jpg,3957_028_cl.jpg,3957_028_pr.jpg,2196816,109,298155
3957_029_df.jpg,3957_029_cl.jpg,3957_029_pr.jpg,2233229,57,1622547
3957_030_df.jpg,3957_030_cl.jpg,3957_030_pr.jpg,1951585,45,1148601
3957_031_df.jpg,3957_031_cl.jpg,3957_031_pr.jpg,1951558,57,1948740
3957_032_df.jpg,3957_032_cl.jpg,3957_032_pr.jpg,2097039,60,2185242
3957_033_df.jpg,3957_033_cl.jpg,3957_033_pr.jpg,2233054,54,1849080
3957_034_df.jpg,3957_034_cl.jpg,3957_034_pr.jpg,2125761,21,1874646
3957_035_df.jpg,3957_035_cl.jpg,3957_035_pr.jpg,2154958,0,1760070
3957_036_df.jpg,3957_036_cl.jpg,3957_036_pr.jpg,2097846,0,1585425
3957_037_df.jpg,3957_037_cl.jpg,3957_037_pr.jpg,2052969,9,1693158
3957_038_df.jpg,3957_038_cl.jpg,3957_038_pr.jpg,1964123,45,2030442
3957_039_df.jpg,3957_039_cl.jpg,3957_039_pr.jpg,1678864,69,2324454
3957_040_df.jpg,3957_040_cl.jpg,3957_040_pr.jpg,1648043,75,1714545
3957_041_df.jpg,3957_041_cl.jpg,3957_041_pr.jpg,1791651,88,892599
3957_042_df.jpg,3957_042_cl.jpg,3957_042_pr.jpg,1973976,11,55332
3957_043_df.jpg,3957_043_cl.jpg,3957_043_pr.jpg,1687585,106,1037988
3957_044_df.jpg,3957_044_cl.jpg,3957_044_pr.jpg,1445583,97,590952
3957_045_df.jpg,3957_045_cl.jpg,3957_045_pr.jpg,1785843,93,1504929
3957_046_df.jpg,3957_046_cl.jpg,3957_046_pr.jpg,1710120,40,2207367
3957_047_df.jpg,3957_047_cl.jpg,3957_047_pr.jpg,1593376,64,1635696
3957_048_df.jpg,3957_048_cl.jpg,3957_048_pr.jpg,1260575,155,119469
3957_049_df.jpg,3957_049_cl.jpg,3957_049_pr.jpg,1294416,162,0
3957_050_df.jpg,3957_050_cl.jpg,3957_050_pr.jpg,1285892,144,0
3957_051_df.jpg,3957_051_cl.jpg,3957_051_pr.jpg,1324440,143,0
3957_052_df.jpg,3957_052_cl.jpg,3957_052_pr.jpg,1384689,140,0
3957_053_df.jpg,3957_053_cl.jpg,3957_053_pr.jpg,1459507,135,0
3957_054_df.jpg,3957_054_cl.jpg,3957_054_pr.jpg,1574700,156,0
3957_055_df.jpg,3957_055_cl.jpg,3957_055_pr.jpg,2169596,90,0
3965_000_df.jpg,3965_000_cl.jpg,3965_000_pr.jpg,2467748,47,0
3965_001_df.jpg,3965_001_cl.jpg,3965_001_pr.jpg,2536680,41,0
3965_002_df.jpg,3965_002_cl.jpg,3965_002_pr.jpg,2344751,26,0
3965_003_df.jpg,3965_003_cl.jpg,3965_003_pr.jpg,2197842,91,0
3965_004_df.jpg,3965_004_cl.jpg,3965_004_pr.jpg,2146918,8,0
3965_005_df.jpg,3965_005_cl.jpg,3965_005_pr.jpg,2258503,59,0
3965_006_df.jpg,3965_006_cl.jpg,3965_006_pr.jpg,2303146,67,0
3965_007_df.jpg,3965_007_cl.jpg,3965_007_pr.jpg,2447140,66,0
3965_008_df.jpg,3965_008_cl.jpg,3965_008_pr.jpg,2463189,73,0
3965_009_df.jpg,3965_009_cl.jpg,3965_009_pr.jpg,2369811,74,0
3965_010_df.jpg,3965_010_cl.jpg,3965_010_pr.jpg,2223583,100,0
3965_011_df.jpg,3965_011_cl.jpg,3965_011_pr.jpg,2185856,86,0
3965_012_df.jpg,3965_012_cl.jpg,3965_012_pr.jpg,2189130,106,0
3965_013_df.jpg,3965_013_cl.jpg,3965_013_pr.jpg,2308506,107,0
3965_014_df.jpg,3965_014_cl.jpg,3965_014_pr.jpg,2268794,98,0
3965_015_df.jpg,3965_015_cl.jpg,3965_015_pr.jpg,2110790,11,0
3965_016_df.jpg,3965_016_cl.jpg,3965_016_pr.jpg,2073931,48,0
3965_017_df.jpg,3965_017_cl.jpg,3965_017_pr.jpg,2186706,182,0
3965_018_df.jpg,3965_018_cl.jpg,3965_018_pr.jpg,2421285,44,258117
3965_019_df.jpg,3965_019_cl.jpg,3965_019_pr.jpg,2358716,43,129555
3965_020_df.jpg,3965_020_cl.jpg,3965_020_pr.jpg,2123612,133,457377
3965_021_df.jpg,3965_021_cl.jpg,3965_021_pr.jpg,2191061,113,0
3965_022_df.jpg,3965_022_cl.jpg,3965_022_pr.jpg,2326173,116,223476
3965_023_df.jpg,3965_023_cl.jpg,3965_023_pr.jpg,2335289,62,769797
3965_024_df.jpg,3965_024_cl.jpg,3965_024_pr.jpg,2453788,93,933162
3965_025_df.jpg,3965_025_cl.jpg,3965_025_pr.jpg,2474283,80,683229
3965_026_df.jpg,3965_026_cl.jpg,3965_026_pr.jpg,2416976,71,948987
3965_027_df.jpg,3965_027_cl.jpg,3965_027_pr.jpg,2266525,84,1089432
3965_028_df.jpg,3965_028_cl.jpg,3965_028_pr.jpg,2094096,78,1172025
3965_029_df.jpg,3965_029_cl.jpg,3965_029_pr.jpg,2142911,69,1042731
3965_030_df.jpg,3965_030_cl.jpg,3965_030_pr.jpg,2183392,63,998088
3965_031_df.jpg,3965_031_cl.jpg,3965_031_pr.jpg,2160556,46,0
3965_032_df.jpg,3965_032_cl.jpg,3965_032_pr.jpg,2007228,106,247569
3965_033_df.jpg,3965_033_cl.jpg,3965_033_pr.jpg,2088154,69,1399584
3965_034_df.jpg,3965_034_cl.jpg,3965_034_pr.jpg,1956754,37,66
3965_035_df.jpg,3965_035_cl.jpg,3965_035_pr.jpg,2175480,64,1316709
3965_036_df.jpg,3965_036_cl.jpg,3965_036_pr.jpg,2064394,76,2367066
3965_037_df.jpg,3965_037_cl.jpg,3965_037_pr.jpg,1893321,77,2025996
3965_038_df.jpg,3965_038_cl.jpg,3965_038_pr.jpg,2145403,165,7884
3965_039_df.jpg,3965_039_cl.jpg,3965_039_pr.jpg,2083331,141,183543
3965_040_df.jpg,3965_040_cl.jpg,3965_040_pr.jpg,1995462,66,1117968
3965_041_df.jpg,3965_041_cl.jpg,3965_041_pr.jpg,2039674,89,939369
3965_042_df.jpg,3965_042_cl.jpg,3965_042_pr.jpg,1843472,69,859305
3965_043_df.jpg,3965_043_cl.jpg,3965_043_pr.jpg,1743264,67,990102
3965_044_df.jpg,3965_044_cl.jpg,3965_044_pr.jpg,1637014,87,1005702
3965_045_df.jpg,3965_045_cl.jpg,3965_045_pr.jpg,1547503,87,851412
3965_046_df.jpg,3965_046_cl.jpg,3965_046_pr.jpg,1592563,103,444747
3965_047_df.jpg,3965_047_cl.jpg,3965_047_pr.jpg,2106888,138,180441
3965_048_df.jpg,3965_048_cl.jpg,3965_048_pr.jpg,2044801,79,0
3965_049_df.jpg,3965_049_cl.jpg,3965_049_pr.jpg,1467411,141,0
3965_050_df.jpg,3965_050_cl.jpg,3965_050_pr.jpg,1392422,143,0
3965_051_df.jpg,3965_051_cl.jpg,3965_051_pr.jpg,1834980,208,0
3965_052_df.jpg,3965_052_cl.jpg,3965_052_pr.jpg,1986950,195,0
3965_053_df.jpg,3965_053_cl.jpg,3965_053_pr.jpg,1513522,236,0
3965_054_df.jpg,3965_054_cl.jpg,3965_054_pr.jpg,1508454,241,0
3965_055_df.jpg,3965_055_cl.jpg,3965_055_pr.jpg,1436740,156,0
3965_056_df.jpg,3965_056_cl.jpg,3965_056_pr.jpg,1369447,133,0
3965_057_df.jpg,3965_057_cl.jpg,3965_057_pr.jpg,1342666,105,0
3965_058_df.jpg,3965_058_cl.jpg,3965_058_pr.jpg,1433655,128,0
3965_059_df.jpg,3965_059_cl.jpg,3965_059_pr.jpg,1432983,132,0
3965_060_df.jpg,3965_060_cl.jpg,3965_060_pr.jpg,1377494,98,0
3965_061_df.jpg,3965_061_cl.jpg,3965_061_pr.jpg,1432857,106,0
3965_062_df.jpg,3965_062_cl.jpg,3965_062_pr.jpg,1363414,123,0
3965_063_df.jpg,3965_063_cl.jpg,3965_063_pr.jpg,1867959,92,0
3965_064_df.jpg,3965_064_cl.jpg,3965_064_pr.jpg,2161079,165,0
3965_065_df.jpg,3965_065_cl.jpg,3965_065_pr.jpg,1411374,147,0
3965_066_df.jpg,3965_066_cl.jpg,3965_066_pr.jpg,1442025,137,0
3965_067_df.jpg,3965_067_cl.jpg,3965_067_pr.jpg,912204,129,0
3970_000_df.jpg,3970_000_cl.jpg,3970_000_pr.jpg,2487526,50,0
3970_001_df.jpg,3970_001_cl.jpg,3970_001_pr.jpg,2529541,10,0
3970_002_df.jpg,3970_002_cl.jpg,3970_002_pr.jpg,2296873,27,0
3970_003_df.jpg,3970_003_cl.jpg,3970_003_pr.jpg,2190484,48,0
3970_004_df.jpg,3970_004_cl.jpg,3970_004_pr.jpg,2162363,7,0
3970_005_df.jpg,3970_005_cl.jpg,3970_005_pr.jpg,2307840,6,0
3970_006_df.jpg,3970_006_cl.jpg,3970_006_pr.jpg,2321578,40,0
3970_007_df.jpg,3970_007_cl.jpg,3970_007_pr.jpg,2470117,20,0
3970_008_df.jpg,3970_008_cl.jpg,3970_008_pr.jpg,2483930,6,0
3970_009_df.jpg,3970_009_cl.jpg,3970_009_pr.jpg,2359535,8,0
3970_010_df.jpg,3970_010_cl.jpg,3970_010_pr.jpg,2216002,9,0
3970_011_df.jpg,3970_011_cl.jpg,3970_011_pr.jpg,2181550,11,0
3970_012_df.jpg,3970_012_cl.jpg,3970_012_pr.jpg,2212190,16,0
3970_013_df.jpg,3970_013_cl.jpg,3970_013_pr.jpg,2334644,32,0
3970_014_df.jpg,3970_014_cl.jpg,3970_014_pr.jpg,2207275,22,0
3970_015_df.jpg,3970_015_cl.jpg,3970_015_pr.jpg,2047255,11,0
3970_016_df.jpg,3970_016_cl.jpg,3970_016_pr.jpg,2232909,49,0
3970_017_df.jpg,3970_017_cl.jpg,3970_017_pr.jpg,2402816,67,0
3970_018_df.jpg,3970_018_cl.jpg,3970_018_pr.jpg,2270395,106,0
3970_019_df.jpg,3970_019_cl.jpg,3970_019_pr.jpg,2133910,64,0
3970_020_df.jpg,3970_020_cl.jpg,3970_020_pr.jpg,2185988,61,0
3970_021_df.jpg,3970_021_cl.jpg,3970_021_pr.jpg,2370663,39,0
3970_022_df.jpg,3970_022_cl.jpg,3970_022_pr.jpg,2320067,88,0
3970_023_df.jpg,3970_023_cl.jpg,3970_023_pr.jpg,2446304,83,0
3970_024_df.jpg,3970_024_cl.jpg,3970_024_pr.jpg,2459624,100,0
3970_025_df.jpg,3970_025_cl.jpg,3970_025_pr.jpg,2385828,109,0
3970_026_df.jpg,3970_026_cl.jpg,3970_026_pr.jpg,2246607,92,0
3970_027_df.jpg,3970_027_cl.jpg,3970_027_pr.jpg,2096776,108,0
3970_028_df.jpg,3970_028_cl.jpg,3970_028_pr.jpg,2174781,82,55137
3970_029_df.jpg,3970_029_cl.jpg,3970_029_pr.jpg,2128262,93,43746
3970_030_df.jpg,3970_030_cl.jpg,3970_030_pr.jpg,2142016,9,0
3970_031_df.jpg,3970_031_cl.jpg,3970_031_pr.jpg,1960508,62,325587
3970_032_df.jpg,3970_032_cl.jpg,3970_032_pr.jpg,1975785,7,0
3970_033_df.jpg,3970_033_cl.jpg,3970_033_pr.jpg,2089093,109,0
3970_034_df.jpg,3970_034_cl.jpg,3970_034_pr.jpg,1881367,153,0
3970_035_df.jpg,3970_035_cl.jpg,3970_035_pr.jpg,1878888,118,0
3970_036_df.jpg,3970_036_cl.jpg,3970_036_pr.jpg,2064910,118,0
3970_037_df.jpg,3970_037_cl.jpg,3970_037_pr.jpg,1883569,189,0
3970_038_df.jpg,3970_038_cl.jpg,3970_038_pr.jpg,1859269,140,0
3970_039_df.jpg,3970_039_cl.jpg,3970_039_pr.jpg,1899711,105,1689834
3970_040_df.jpg,3970_040_cl.jpg,3970_040_pr.jpg,1677115,80,2408736
3970_041_df.jpg,3970_041_cl.jpg,3970_041_pr.jpg,1609996,78,2197572
3970_042_df.jpg,3970_042_cl.jpg,3970_042_pr.jpg,1595479,62,1958829
3970_043_df.jpg,3970_043_cl.jpg,3970_043_pr.jpg,1485344,66,2086593
3970_044_df.jpg,3970_044_cl.jpg,3970_044_pr.jpg,1607299,50,1951569
3970_045_df.jpg,3970_045_cl.jpg,3970_045_pr.jpg,2178338,13,131259
3970_046_df.jpg,3970_046_cl.jpg,3970_046_pr.jpg,1902127,103,0
3970_047_df.jpg,3970_047_cl.jpg,3970_047_pr.jpg,1406319,90,579174
3970_048_df.jpg,3970_048_cl.jpg,3970_048_pr.jpg,1832549,183,0
3970_049_df.jpg,3970_049_cl.jpg,3970_049_pr.jpg,1986524,83,0
3970_050_df.jpg,3970_050_cl.jpg,3970_050_pr.jpg,1515802,149,0
3970_051_df.jpg,3970_051_cl.jpg,3970_051_pr.jpg,1465002,139,0
3970_052_df.jpg,3970_052_cl.jpg,3970_052_pr.jpg,1407219,147,0
3970_053_df.jpg,3970_053_cl.jpg,3970_053_pr.jpg,1373151,140,0
3970_054_df.jpg,3970_054_cl.jpg,3970_054_pr.jpg,1392011,131,0
3970_055_df.jpg,3970_055_cl.jpg,3970_055_pr.jpg,1384214,118,0
3970_056_df.jpg,3970_056_cl.jpg,3970_056_pr.jpg,1439809,131,0
3970_057_df.jpg,3970_057_cl.jpg,3970_057_pr.jpg,1337694,93,0
3970_058_df.jpg,3970_058_cl.jpg,3970_058_pr.jpg,1357204,130,0
3970_059_df.jpg,3970_059_cl.jpg,3970_059_pr.jpg,1317573,114,0
3970_060_df.jpg,3970_060_cl.jpg,3970_060_pr.jpg,2071783,112,0
3970_061_df.jpg,3970_061_cl.jpg,3970_061_pr.jpg,2028694,46,0
3970_062_df.jpg,3970_062_cl.jpg,3970_062_pr.jpg,1309890,98,0
3970_063_df.jpg,3970_063_cl.jpg,3970_063_pr.jpg,1499756,98,0
3977_000_df.jpg,3977_000_cl.jpg,3977_000_pr.jpg,2525048,8,0
3977_001_df.jpg,3977_001_cl.jpg,3977_001_pr.jpg,2328901,5,0
3977_002_df.jpg,3977_002_cl.jpg,3977_002_pr.jpg,2184452,6,0
3977_003_df.jpg,3977_003_cl.jpg,3977_003_pr.jpg,2083173,39,0
3977_004_df.jpg,3977_004_cl.jpg,3977_004_pr.jpg,2287667,5,0
3977_005_df.jpg,3977_005_cl.jpg,3977_005_pr.jpg,2376174,19,0
3977_006_df.jpg,3977_006_cl.jpg,3977_006_pr.jpg,2431977,7,0
3977_007_df.jpg,3977_007_cl.jpg,3977_007_pr.jpg,2410521,8,0
3977_008_df.jpg,3977_008_cl.jpg,3977_008_pr.jpg,2271226,6,0
3977_009_df.jpg,3977_009_cl.jpg,3977_009_pr.jpg,2144594,17,0
3977_010_df.jpg,3977_010_cl.jpg,3977_010_pr.jpg,2149524,7,0
3977_011_df.jpg,3977_011_cl.jpg,3977_011_pr.jpg,2184907,8,0
3977_012_df.jpg,3977_012_cl.jpg,3977_012_pr.jpg,2294097,13,0
3977_013_df.jpg,3977_013_cl.jpg,3977_013_pr.jpg,2201767,12,0
3977_014_df.jpg,3977_014_cl.jpg,3977_014_pr.jpg,2021105,7,0
3977_015_df.jpg,3977_015_cl.jpg,3977_015_pr.jpg,2275917,38,0
3977_016_df.jpg,3977_016_cl.jpg,3977_016_pr.jpg,2531864,73,0
3977_017_df.jpg,3977_017_cl.jpg,3977_017_pr.jpg,2349304,75,0
3977_018_df.jpg,3977_018_cl.jpg,3977_018_pr.jpg,2216207,25,0
3977_019_df.jpg,3977_019_cl.jpg,3977_019_pr.jpg,2140974,34,0
3977_020_df.jpg,3977_020_cl.jpg,3977_020_pr.jpg,2363063,36,0
3977_021_df.jpg,3977_021_cl.jpg,3977_021_pr.jpg,2490611,39,0
3977_022_df.jpg,3977_022_cl.jpg,3977_022_pr.jpg,2525810,34,0
3977_023_df.jpg,3977_023_cl.jpg,3977_023_pr.jpg,2508606,38,0
3977_024_df.jpg,3977_024_cl.jpg,3977_024_pr.jpg,2377392,40,0
3977_025_df.jpg,3977_025_cl.jpg,3977_025_pr.jpg,2201643,39,0
3977_026_df.jpg,3977_026_cl.jpg,3977_026_pr.jpg,2109757,35,0
3977_027_df.jpg,3977_027_cl.jpg,3977_027_pr.jpg,2126157,46,0
3977_028_df.jpg,3977_028_cl.jpg,3977_028_pr.jpg,2167802,74,0
3977_029_df.jpg,3977_029_cl.jpg,3977_029_pr.jpg,2113165,12,0
3977_030_df.jpg,3977_030_cl.jpg,3977_030_pr.jpg,2229962,52,0
3977_031_df.jpg,3977_031_cl.jpg,3977_031_pr.jpg,2492049,69,0
3977_032_df.jpg,3977_032_cl.jpg,3977_032_pr.jpg,2435140,99,0
3977_033_df.jpg,3977_033_cl.jpg,3977_033_pr.jpg,2317486,78,0
3977_034_df.jpg,3977_034_cl.jpg,3977_034_pr.jpg,2114078,57,0
3977_035_df.jpg,3977_035_cl.jpg,3977_035_pr.jpg,2158222,50,0
3977_036_df.jpg,3977_036_cl.jpg,3977_036_pr.jpg,2232950,89,191568
3977_037_df.jpg,3977_037_cl.jpg,3977_037_pr.jpg,2370336,68,403029
3977_038_df.jpg,3977_038_cl.jpg,3977_038_pr.jpg,2477097,74,394635
3977_039_df.jpg,3977_039_cl.jpg,3977_039_pr.jpg,2427298,75,822834
3977_040_df.jpg,3977_040_cl.jpg,3977_040_pr.jpg,2335214,45,963687
3977_041_df.jpg,3977_041_cl.jpg,3977_041_pr.jpg,2143197,25,1632054
3977_042_df.jpg,3977_042_cl.jpg,3977_042_pr.jpg,2041450,34,1814862
3977_043_df.jpg,3977_043_cl.jpg,3977_043_pr.jpg,2099891,70,1127193
3977_044_df.jpg,3977_044_cl.jpg,3977_044_pr.jpg,2194451,28,0
3977_045_df.jpg,3977_045_cl.jpg,3977_045_pr.jpg,1921382,47,885645
3977_046_df.jpg,3977_046_cl.jpg,3977_046_pr.jpg,1879061,36,1245609
3977_047_df.jpg,3977_047_cl.jpg,3977_047_pr.jpg,1696328,31,1796757
3977_048_df.jpg,3977_048_cl.jpg,3977_048_pr.jpg,2142996,95,0
3977_049_df.jpg,3977_049_cl.jpg,3977_049_pr.jpg,2046067,98,0
3977_050_df.jpg,3977_050_cl.jpg,3977_050_pr.jpg,1899307,108,0
3977_051_df.jpg,3977_051_cl.jpg,3977_051_pr.jpg,2039235,108,0
3977_052_df.jpg,3977_052_cl.jpg,3977_052_pr.jpg,1978808,86,1659450
3977_053_df.jpg,3977_053_cl.jpg,3977_053_pr.jpg,1864865,42,2848560
3977_054_df.jpg,3977_054_cl.jpg,3977_054_pr.jpg,1925957,29,2353098
3977_055_df.jpg,3977_055_cl.jpg,3977_055_pr.jpg,1818602,54,2335644
3977_056_df.jpg,3977_056_cl.jpg,3977_056_pr.jpg,1714531,54,1268394
3977_057_df.jpg,3977_057_cl.jpg,3977_057_pr.jpg,1636846,62,993114
3977_058_df.jpg,3977_058_cl.jpg,3977_058_pr.jpg,1611885,82,896394
3977_059_df.jpg,3977_059_cl.jpg,3977_059_pr.jpg,2178150,91,56436
3977_060_df.jpg,3977_060_cl.jpg,3977_060_pr.jpg,1907213,62,0
3977_061_df.jpg,3977_061_cl.jpg,3977_061_pr.jpg,1234050,99,0
3977_062_df.jpg,3977_062_cl.jpg,3977_062_pr.jpg,1242681,99,0
3977_063_df.jpg,3977_063_cl.jpg,3977_063_pr.jpg,367843,104,0
3977_064_df.jpg,3977_064_cl.jpg,3977_064_pr.jpg,1979682,128,0
3977_065_df.jpg,3977_065_cl.jpg,3977_065_pr.jpg,1645833,99,0
3977_066_df.jpg,3977_066_cl.jpg,3977_066_pr.jpg,1380823,142,0
3977_067_df.jpg,3977_067_cl.jpg,3977_067_pr.jpg,1414316,118,0
3977_068_df.jpg,3977_068_cl.jpg,3977_068_pr.jpg,1299501,143,0
3977_069_df.jpg,3977_069_cl.jpg,3977_069_pr.jpg,1239309,128,0
3977_070_df.jpg,3977_070_cl.jpg,3977_070_pr.jpg,1302757,123,0
3977_071_df.jpg,3977_071_cl.jpg,3977_071_pr.jpg,1296619,134,0
3977_072_df.jpg,3977_072_cl.jpg,3977_072_pr.jpg,1264719,120,0
3977_073_df.jpg,3977_073_cl.jpg,3977_073_pr.jpg,1371768,91,0
3977_074_df.jpg,3977_074_cl.jpg,3977_074_pr.jpg,1773350,75,0
3977_075_df.jpg,3977_075_cl.jpg,3977_075_pr.jpg,2095925,70,0
3977_076_df.jpg,3977_076_cl.jpg,3977_076_pr.jpg,1450150,79,0
3977_077_df.jpg,3977_077_cl.jpg,3977_077_pr.jpg,1406685,75,0
3977_078_df.jpg,3977_078_cl.jpg,3977_078_pr.jpg,401772,58,0
3977_079_df.jpg,3977_079_cl.jpg,3977_079_pr.jpg,0,0,0
3986_000_df.jpg,3986_000_cl.jpg,3986_000_pr.jpg,2528019,6,0
3986_001_df.jpg,3986_001_cl.jpg,3986_001_pr.jpg,2311335,6,0
3986_002_df.jpg,3986_002_cl.jpg,3986_002_pr.jpg,2209300,8,0
3986_003_df.jpg,3986_003_cl.jpg,3986_003_pr.jpg,2207563,13,0
3986_004_df.jpg,3986_004_cl.jpg,3986_004_pr.jpg,2384987,6,0
3986_005_df.jpg,3986_005_cl.jpg,3986_005_pr.jpg,2510681,6,0
3986_006_df.jpg,3986_006_cl.jpg,3986_006_pr.jpg,2453240,45,0
3986_007_df.jpg,3986_007_cl.jpg,3986_007_pr.jpg,2501730,6,0
3986_008_df.jpg,3986_008_cl.jpg,3986_008_pr.jpg,2331139,8,0
3986_009_df.jpg,3986_009_cl.jpg,3986_009_pr.jpg,2148885,41,0
3986_010_df.jpg,3986_010_cl.jpg,3986_010_pr.jpg,2106569,39,0
3986_011_df.jpg,3986_011_cl.jpg,3986_011_pr.jpg,2206901,36,0
3986_012_df.jpg,3986_012_cl.jpg,3986_012_pr.jpg,2140687,42,0
3986_013_df.jpg,3986_013_cl.jpg,3986_013_pr.jpg,2059948,23,0
3986_014_df.jpg,3986_014_cl.jpg,3986_014_pr.jpg,2415802,102,0
3986_015_df.jpg,3986_015_cl.jpg,3986_015_pr.jpg,2433531,117,0
3986_016_df.jpg,3986_016_cl.jpg,3986_016_pr.jpg,2267658,92,0
3986_017_df.jpg,3986_017_cl.jpg,3986_017_pr.jpg,2155172,125,0
3986_018_df.jpg,3986_018_cl.jpg,3986_018_pr.jpg,2111858,54,0
3986_019_df.jpg,3986_019_cl.jpg,3986_019_pr.jpg,2284650,33,0
3986_020_df.jpg,3986_020_cl.jpg,3986_020_pr.jpg,2394526,57,0
3986_021_df.jpg,3986_021_cl.jpg,3986_021_pr.jpg,2338273,69,804
3986_022_df.jpg,3986_022_cl.jpg,3986_022_pr.jpg,2403513,82,31206
3986_023_df.jpg,3986_023_cl.jpg,3986_023_pr.jpg,2260740,109,317922
3986_024_df.jpg,3986_024_cl.jpg,3986_024_pr.jpg,2085918,75,922695
3986_025_df.jpg,3986_025_cl.jpg,3986_025_pr.jpg,2124542,41,660528
3986_026_df.jpg,3986_026_cl.jpg,3986_026_pr.jpg,2173976,122,0
3986_027_df.jpg,3986_027_cl.jpg,3986_027_pr.jpg,2046259,95,147804
3986_028_df.jpg,3986_028_cl.jpg,3986_028_pr.jpg,1990658,57,1053213
3986_029_df.jpg,3986_029_cl.jpg,3986_029_pr.jpg,1940486,65,1069710
3986_030_df.jpg,3986_030_cl.jpg,3986_030_pr.jpg,2109334,123,0
3986_031_df.jpg,3986_031_cl.jpg,3986_031_pr.jpg,1998262,90,0
3986_032_df.jpg,3986_032_cl.jpg,3986_032_pr.jpg,1945900,97,0
3986_033_df.jpg,3986_033_cl.jpg,3986_033_pr.jpg,1901963,110,0
3986_034_df.jpg,3986_034_cl.jpg,3986_034_pr.jpg,1975336,99,0
3986_035_df.jpg,3986_035_cl.jpg,3986_035_pr.jpg,1927872,84,0
3986_036_df.jpg,3986_036_cl.jpg,3986_036_pr.jpg,1854744,68,1236015
3986_037_df.jpg,3986_037_cl.jpg,3986_037_pr.jpg,1898200,26,2268777
3986_038_df.jpg,3986_038_cl.jpg,3986_038_pr.jpg,1773577,26,1682811
3986_039_df.jpg,3986_039_cl.jpg,3986_039_pr.jpg,1674121,56,2541642
3986_040_df.jpg,3986_040_cl.jpg,3986_040_pr.jpg,1914542,45,851694
3986_041_df.jpg,3986_041_cl.jpg,3986_041_pr.jpg,2157504,35,0
3986_042_df.jpg,3986_042_cl.jpg,3986_042_pr.jpg,1396318,115,0
3986_043_df.jpg,3986_043_cl.jpg,3986_043_pr.jpg,1233210,169,0
3986_044_df.jpg,3986_044_cl.jpg,3986_044_pr.jpg,707864,82,0
3986_045_df.jpg,3986_045_cl.jpg,3986_045_pr.jpg,1920958,103,0
3986_046_df.jpg,3986_046_cl.jpg,3986_046_pr.jpg,1724581,113,0
3986_047_df.jpg,3986_047_cl.jpg,3986_047_pr.jpg,1348180,152,0
3986_048_df.jpg,3986_048_cl.jpg,3986_048_pr.jpg,1352827,139,0
3986_049_df.jpg,3986_049_cl.jpg,3986_049_pr.jpg,1307396,129,0
3986_050_df.jpg,3986_050_cl.jpg,3986_050_pr.jpg,1260769,113,0
3986_051_df.jpg,3986_051_cl.jpg,3986_051_pr.jpg,1331220,122,0
3986_052_df.jpg,3986_052_cl.jpg,3986_052_pr.jpg,1317615,112,0
3986_053_df.jpg,3986_053_cl.jpg,3986_053_pr.jpg,1324791,165,0
3986_054_df.jpg,3986_054_cl.jpg,3986_054_pr.jpg,1393881,135,0
3986_055_df.jpg,3986_055_cl.jpg,3986_055_pr.jpg,2035084,101,0
3986_056_df.jpg,3986_056_cl.jpg,3986_056_pr.jpg,1595831,109,0
3986_057_df.jpg,3986_057_cl.jpg,3986_057_pr.jpg,1362253,109,0
3986_058_df.jpg,3986_058_cl.jpg,3986_058_pr.jpg,678338,74,0
3986_059_df.jpg,3986_059_cl.jpg,3986_059_pr.jpg,1475,24,0
3990_000_df.jpg,3990_000_cl.jpg,3990_000_pr.jpg,1963332,32,0
3990_001_df.jpg,3990_001_cl.jpg,3990_001_pr.jpg,2005797,10,0
3990_002_df.jpg,3990_002_cl.jpg,3990_002_pr.jpg,2481520,15,0
3990_003_df.jpg,3990_003_cl.jpg,3990_003_pr.jpg,2539514,6,0
3990_004_df.jpg,3990_004_cl.jpg,3990_004_pr.jpg,2390048,8,0
3990_005_df.jpg,3990_005_cl.jpg,3990_005_pr.jpg,2192958,8,0
3990_006_df.jpg,3990_006_cl.jpg,3990_006_pr.jpg,2115690,9,0
3990_007_df.jpg,3990_007_cl.jpg,3990_007_pr.jpg,2173115,10,0
3990_008_df.jpg,3990_008_cl.jpg,3990_008_pr.jpg,2283523,8,0
3990_009_df.jpg,3990_009_cl.jpg,3990_009_pr.jpg,2361166,33,0
3990_010_df.jpg,3990_010_cl.jpg,3990_010_pr.jpg,2354000,35,0
3990_011_df.jpg,3990_011_cl.jpg,3990_011_pr.jpg,2239013,7,0
3990_012_df.jpg,3990_012_cl.jpg,3990_012_pr.jpg,2131182,8,0
3990_013_df.jpg,3990_013_cl.jpg,3990_013_pr.jpg,2110359,7,0
3990_014_df.jpg,3990_014_cl.jpg,3990_014_pr.jpg,2103382,26,0
3990_015_df.jpg,3990_015_cl.jpg,3990_015_pr.jpg,2232895,27,0
3990_016_df.jpg,3990_016_cl.jpg,3990_016_pr.jpg,2261996,137,0
3990_017_df.jpg,3990_017_cl.jpg,3990_017_pr.jpg,2106717,159,0
3990_018_df.jpg,3990_018_cl.jpg,3990_018_pr.jpg,2010210,23,0
3990_019_df.jpg,3990_019_cl.jpg,3990_019_pr.jpg,2341444,40,0
3990_020_df.jpg,3990_020_cl.jpg,3990_020_pr.jpg,1942312,12,0
3990_021_df.jpg,3990_021_cl.jpg,3990_021_pr.jpg,2202941,8,0
3990_022_df.jpg,3990_022_cl.jpg,3990_022_pr.jpg,2538166,7,0
3990_023_df.jpg,3990_023_cl.jpg,3990_023_pr.jpg,2436259,8,0
3990_024_df.jpg,3990_024_cl.jpg,3990_024_pr.jpg,2229158,8,0
3990_025_df.jpg,3990_025_cl.jpg,3990_025_pr.jpg,2144697,8,0
3990_026_df.jpg,3990_026_cl.jpg,3990_026_pr.jpg,2242795,9,0
3990_027_df.jpg,3990_027_cl.jpg,3990_027_pr.jpg,2411838,6,0
3990_028_df.jpg,3990_028_cl.jpg,3990_028_pr.jpg,2513467,46,0
3990_029_df.jpg,3990_029_cl.jpg,3990_029_pr.jpg,2516333,41,0
3990_030_df.jpg,3990_030_cl.jpg,3990_030_pr.jpg,2367680,7,0
3990_031_df.jpg,3990_031_cl.jpg,3990_031_pr.jpg,2195452,7,0
3990_032_df.jpg,3990_032_cl.jpg,3990_032_pr.jpg,2086907,8,0
3990_033_df.jpg,3990_033_cl.jpg,3990_033_pr.jpg,2114625,9,0
3990_034_df.jpg,3990_034_cl.jpg,3990_034_pr.jpg,2187724,59,0
3990_035_df.jpg,3990_035_cl.jpg,3990_035_pr.jpg,2160927,152,0
3990_036_df.jpg,3990_036_cl.jpg,3990_036_pr.jpg,2006696,21,0
3990_037_df.jpg,3990_037_cl.jpg,3990_037_pr.jpg,2428216,45,0
3990_038_df.jpg,3990_038_cl.jpg,3990_038_pr.jpg,2343418,37,0
3990_039_df.jpg,3990_039_cl.jpg,3990_039_pr.jpg,2248905,38,0
3990_040_df.jpg,3990_040_cl.jpg,3990_040_pr.jpg,1978160,8,0
3990_041_df.jpg,3990_041_cl.jpg,3990_041_pr.jpg,2408139,8,0
3990_042_df.jpg,3990_042_cl.jpg,3990_042_pr.jpg,2453101,10,0
3990_043_df.jpg,3990_043_cl.jpg,3990_043_pr.jpg,2197639,8,0
3990_044_df.jpg,3990_044_cl.jpg,3990_044_pr.jpg,2156127,32,0
3990_045_df.jpg,3990_045_cl.jpg,3990_045_pr.jpg,2227269,37,0
3990_046_df.jpg,3990_046_cl.jpg,3990_046_pr.jpg,2407134,8,0
3990_047_df.jpg,3990_047_cl.jpg,3990_047_pr.jpg,2517266,44,0
3990_048_df.jpg,3990_048_cl.jpg,3990_048_pr.jpg,2517208,42,0
3990_049_df.jpg,3990_049_cl.jpg,3990_049_pr.jpg,2384129,11,0
3990_050_df.jpg,3990_050_cl.jpg,3990_050_pr.jpg,2208631,11,0
3990_051_df.jpg,3990_051_cl.jpg,3990_051_pr.jpg,2091123,42,0
3990_052_df.jpg,3990_052_cl.jpg,3990_052_pr.jpg,2149837,53,0
3990_053_df.jpg,3990_053_cl.jpg,3990_053_pr.jpg,2200470,150,0
3990_054_df.jpg,3990_054_cl.jpg,3990_054_pr.jpg,2054890,154,0
3990_055_df.jpg,3990_055_cl.jpg,3990_055_pr.jpg,2339775,117,0
3990_056_df.jpg,3990_056_cl.jpg,3990_056_pr.jpg,2431925,110,0
3990_057_df.jpg,3990_057_cl.jpg,3990_057_pr.jpg,564981,73,0
3990_058_df.jpg,3990_058_cl.jpg,3990_058_pr.jpg,2434025,139,0
3990_059_df.jpg,3990_059_cl.jpg,3990_059_pr.jpg,2150823,101,0
3990_060_df.jpg,3990_060_cl.jpg,3990_060_pr.jpg,2090835,9,0
3990_061_df.jpg,3990_061_cl.jpg,3990_061_pr.jpg,2414476,103,0
3990_062_df.jpg,3990_062_cl.jpg,3990_062_pr.jpg,2145012,83,0
3990_063_df.jpg,3990_063_cl.jpg,3990_063_pr.jpg,2143467,148,0
3990_064_df.jpg,3990_064_cl.jpg,3990_064_pr.jpg,2185394,89,0
3990_065_df.jpg,3990_065_cl.jpg,3990_065_pr.jpg,2291815,86,0
3990_066_df.jpg,3990_066_cl.jpg,3990_066_pr.jpg,2389932,90,0
3990_067_df.jpg,3990_067_cl.jpg,3990_067_pr.jpg,2390558,93,0
3990_068_df.jpg,3990_068_cl.jpg,3990_068_pr.jpg,2272188,96,0
3990_069_df.jpg,3990_069_cl.jpg,3990_069_pr.jpg,2168020,119,39
3990_070_df.jpg,3990_070_cl.jpg,3990_070_pr.jpg,2093910,86,210030
3990_071_df.jpg,3990_071_cl.jpg,3990_071_pr.jpg,2092406,153,119367
3990_072_df.jpg,3990_072_cl.jpg,3990_072_pr.jpg,2151750,151,1539
3990_073_df.jpg,3990_073_cl.jpg,3990_073_pr.jpg,2062287,47,1323879
3990_074_df.jpg,3990_074_cl.jpg,3990_074_pr.jpg,2025998,113,1049661
3990_075_df.jpg,3990_075_cl.jpg,3990_075_pr.jpg,1444981,153,0
3990_076_df.jpg,3990_076_cl.jpg,3990_076_pr.jpg,0,0,0
3990_077_df.jpg,3990_077_cl.jpg,3990_077_pr.jpg,764253,81,370737
3990_078_df.jpg,3990_078_cl.jpg,3990_078_pr.jpg,2363143,53,1792353
3990_079_df.jpg,3990_079_cl.jpg,3990_079_pr.jpg,2036527,135,631752
3990_080_df.jpg,3990_080_cl.jpg,3990_080_pr.jpg,2165175,75,972144
3990_081_df.jpg,3990_081_cl.jpg,3990_081_pr.jpg,1948146,27,1859877
3990_082_df.jpg,3990_082_cl.jpg,3990_082_pr.jpg,2063351,25,1799952
3990_083_df.jpg,3990_083_cl.jpg,3990_083_pr.jpg,2121032,33,1593801
3990_084_df.jpg,3990_084_cl.jpg,3990_084_pr.jpg,2119884,8,1609830
3990_085_df.jpg,3990_085_cl.jpg,3990_085_pr.jpg,2062048,7,1668141
3990_086_df.jpg,3990_086_cl.jpg,3990_086_pr.jpg,2110628,5,2196654
3990_087_df.jpg,3990_087_cl.jpg,3990_087_pr.jpg,2050761,0,2076759
3990_088_df.jpg,3990_088_cl.jpg,3990_088_pr.jpg,1930952,2,2421144
3990_089_df.jpg,3990_089_cl.jpg,3990_089_pr.jpg,1801609,42,2478546
3990_090_df.jpg,3990_090_cl.jpg,3990_090_pr.jpg,2175421,62,111312
3990_091_df.jpg,3990_091_cl.jpg,3990_091_pr.jpg,1645097,155,129459
3990_092_df.jpg,3990_092_cl.jpg,3990_092_pr.jpg,1300796,88,371925
3990_093_df.jpg,3990_093_cl.jpg,3990_093_pr.jpg,864051,138,6957
3990_094_df.jpg,3990_094_cl.jpg,3990_094_pr.jpg,49202,155,0
3990_095_df.jpg,3990_095_cl.jpg,3990_095_pr.jpg,0,0,0
3990_096_df.jpg,3990_096_cl.jpg,3990_096_pr.jpg,0,0,0
3990_097_df.jpg,3990_097_cl.jpg,3990_097_pr.jpg,654613,155,0
3990_098_df.jpg,3990_098_cl.jpg,3990_098_pr.jpg,1548369,124,0
3990_099_df.jpg,3990_099_cl.jpg,3990_099_pr.jpg,1982230,142,831
3990_100_df.jpg,3990_100_cl.jpg,3990_100_pr.jpg,1505094,158,100542
3990_101_df.jpg,3990_101_cl.jpg,3990_101_pr.jpg,1245066,172,137778
3990_102_df.jpg,3990_102_cl.jpg,3990_102_pr.jpg,1255971,148,139131
3990_103_df.jpg,3990_103_cl.jpg,3990_103_pr.jpg,1223793,136,120069
3990_104_df.jpg,3990_104_cl.jpg,3990_104_pr.jpg,1269807,132,93909
3990_105_df.jpg,3990_105_cl.jpg,3990_105_pr.jpg,1242745,136,0
3990_106_df.jpg,3990_106_cl.jpg,3990_106_pr.jpg,1203642,172,0
3990_107_df.jpg,3990_107_cl.jpg,3990_107_pr.jpg,1276204,160,0
3990_108_df.jpg,3990_108_cl.jpg,3990_108_pr.jpg,1765733,187,0
3990_109_df.jpg,3990_109_cl.jpg,3990_109_pr.jpg,1816686,67,0
3990_110_df.jpg,3990_110_cl.jpg,3990_110_pr.jpg,1339853,142,0
3990_111_df.jpg,3990_111_cl.jpg,3990_111_pr.jpg,937538,71,0
3990_112_df.jpg,3990_112_cl.jpg,3990_112_pr.jpg,33072,51,0
3990_113_df.jpg,3990_113_cl.jpg,3990_113_pr.jpg,0,0,0
3990_114_df.jpg,3990_114_cl.jpg,3990_114_pr.jpg,0,0,0
3990_115_df.jpg,3990_115_cl.jpg,3990_115_pr.jpg,0,0,0
3990_116_df.jpg,3990_116_cl.jpg,3990_116_pr.jpg,40,0,0
3990_117_df.jpg,3990_117_cl.jpg,3990_117_pr.jpg,699857,149,0
3990_118_df.jpg,3990_118_cl.jpg,3990_118_pr.jpg,1704309,145,0
3990_119_df.jpg,3990_119_cl.jpg,3990_119_pr.jpg,1929182,119,0
3990_120_df.jpg,3990_120_cl.jpg,3990_120_pr.jpg,1418760,104,0
3990_121_df.jpg,3990_121_cl.jpg,3990_121_pr.jpg,1481929,92,0
3990_122_df.jpg,3990_122_cl.jpg,3990_122_pr.jpg,1456407,74,0
3990_123_df.jpg,3990_123_cl.jpg,3990_123_pr.jpg,1479900,76,0
3990_124_df.jpg,3990_124_cl.jpg,3990_124_pr.jpg,1503745,111,0
3990_125_df.jpg,3990_125_cl.jpg,3990_125_pr.jpg,1652421,154,0
3990_126_df.jpg,3990_126_cl.jpg,3990_126_pr.jpg,1712559,135,0
3990_127_df.jpg,3990_127_cl.jpg,3990_127_pr.jpg,1988893,150,0
3990_128_df.jpg,3990_128_cl.jpg,3990_128_pr.jpg,1852393,79,0
3990_129_df.jpg,3990_129_cl.jpg,3990_129_pr.jpg,1348100,83,0
3990_130_df.jpg,3990_130_cl.jpg,3990_130_pr.jpg,46906,45,0
3990_131_df.jpg,3990_131_cl.jpg,3990_131_pr.jpg,0,0,0
3990_132_df.jpg,3990_132_cl.jpg,3990_132_pr.jpg,0,0,0
